Workbook

Sheet Summary
B2: Aurelius gap analysis
B3: What the system lacks compared with how agentic-AI teams build, ordered by priority.
B5: By priority
B6: Priority | C6: Gaps | D6: To build | E6: Explain only | F6: Avg impact
B7: P0 Critical for AI roles | C7: =COUNTIF(Gaps!$B$2:$B$40,"P0") -> 6 | D7: =COUNTIFS(Gaps!$B$2:$B$40,"P0",Gaps!$I$2:$I$40,"Build") -> 6 | E7: =COUNTIFS(Gaps!$B$2:$B$40,"P0",Gaps!$I$2:$I$40,"Explain only") -> 0 | F7: =IFERROR(AVERAGEIF(Gaps!$B$2:$B$40,"P0",Gaps!$K$2:$K$40),0) -> 4.8333333
B8: P1 High | C8: =COUNTIF(Gaps!$B$2:$B$40,"P1") -> 12 | D8: =COUNTIFS(Gaps!$B$2:$B$40,"P1",Gaps!$I$2:$I$40,"Build") -> 9 | E8: =COUNTIFS(Gaps!$B$2:$B$40,"P1",Gaps!$I$2:$I$40,"Explain only") -> 3 | F8: =IFERROR(AVERAGEIF(Gaps!$B$2:$B$40,"P1",Gaps!$K$2:$K$40),0) -> 4.0833333
B9: P2 Medium | C9: =COUNTIF(Gaps!$B$2:$B$40,"P2") -> 15 | D9: =COUNTIFS(Gaps!$B$2:$B$40,"P2",Gaps!$I$2:$I$40,"Build") -> 8 | E9: =COUNTIFS(Gaps!$B$2:$B$40,"P2",Gaps!$I$2:$I$40,"Explain only") -> 6 | F9: =IFERROR(AVERAGEIF(Gaps!$B$2:$B$40,"P2",Gaps!$K$2:$K$40),0) -> 2.6666667
B10: P3 Low | C10: =COUNTIF(Gaps!$B$2:$B$40,"P3") -> 6 | D10: =COUNTIFS(Gaps!$B$2:$B$40,"P3",Gaps!$I$2:$I$40,"Build") -> 0 | E10: =COUNTIFS(Gaps!$B$2:$B$40,"P3",Gaps!$I$2:$I$40,"Explain only") -> 3 | F10: =IFERROR(AVERAGEIF(Gaps!$B$2:$B$40,"P3",Gaps!$K$2:$K$40),0) -> 1.3333333
B11: Total | C11: =SUM(C7:C10) -> 39 | D11: =SUM(D7:D10) -> 23 | E11: =SUM(E7:E10) -> 12
B13: Your decisions (fill in column L on the Gaps sheet)
B14: Decision | C14: Count
B15: Add now | C15: =COUNTIF(Gaps!$L$2:$L$40,"Add now") -> 0
B16: Add later | C16: =COUNTIF(Gaps!$L$2:$L$40,"Add later") -> 0
B17: Explain only | C17: =COUNTIF(Gaps!$L$2:$L$40,"Explain only") -> 0
B18: No | C18: =COUNTIF(Gaps!$L$2:$L$40,"No") -> 0
B19: Not decided yet | C19: =COUNTA(Gaps!$D$2:$D$40)-SUM(C15:C18) -> 39
B21: How to read it
B22: P0: an AI-engineering interviewer will probe these in the first ten minutes.
B23: P1: expected in a serious agentic system; strong talking points.
B24: P2: production polish; usually enough to explain how you'd do it.
B25: P3: low value for an AI role right now.
B26: Effort: S = about a day, M = 2 to 4 days, L = a week or more.
B27: Verdict 'Build' means worth adding to the code; 'Explain only' means prepare a clear answer instead.
B28: The 'Already in place' sheet lists what Aurelius already does well, so you can say both.

Sheet Gaps
A1: # | B1: Priority | C1: Area | D1: Gap | E1: Aurelius today | F1: Status | G1: What strong agentic-AI teams do | H1: Why interviewers care | I1: First-pass verdict | J1: Effort | K1: Interview impact (1-5) | L1: Your decision | M1: Notes
A2: 1 | B2: P0 | C2: Evaluation | D2: No evaluation harness for the AI behaviour | E2: About 400 unit/API tests check code paths. Nothing measures answer quality: no golden question set, no scores for routing, grounding or guardrails. | F2: Missing | G2: Offline eval suites run on every change: golden datasets, LLM-as-judge plus exact checks, tracked scores over time, regression gates in CI. | H2: First question in most AI interviews: 'How do you know it works, and how do you know a prompt change didn't break it?' | I2: Build | J2: M | K2: 5
A3: 2 | B3: P0 | C3: LLM usage | D3: Never run end to end with a real LLM | E3: Code supports Claude in the planner (forced tool call), synthesizer, Analyst loop, Scribe, Sentinel classifier and Librarian answerer, but every run so far used LLM_MOCK and the fallback rule planner. | F3: Partial | G3: Agents run on real models in dev and staging; behaviour with the real model is what gets demoed and measured. | H3: 'Show me the planner picking agents for a question it hasn't seen.' With mocks you can't. | I3: Build | J3: S | K3: 5
A4: 3 | B4: P0 | C4: Agent loop | D4: The one real tool-use loop isn't reachable, and the Conductor never re-plans | E4: Analyst ask_portfolio is a genuine loop (Claude calls MCP tools until it can answer; allowlist, client scope pinning, turn limit), but the apps can't call it. The Conductor plans once and never looks at results to decide a next step. | F4: Partial | G4: Agents observe tool results and decide the next action (ReAct / plan-act-reflect), with step limits, and re-plan when a step fails or returns too little. | H4: 'What makes this agentic rather than a workflow?' You need a live example of the model choosing actions. | I4: Build | J4: M | K4: 5
A5: 4 | B5: P0 | C5: Observability | D5: No end-to-end trace of a request across agents and LLM calls | E5: X-Trace-Id flows everywhere and every service logs it; LLM calls log tokens and estimated cost. There are no spans, no trace view and no dashboard. | F5: Partial | G5: OpenTelemetry (or Langfuse, LangSmith, Phoenix) traces: one tree showing plan, each agent call, each LLM call with prompt, tokens, latency, cost and errors. | H5: 'A user says the answer was wrong. Walk me through how you debug it.' | I5: Build | J5: M | K5: 5
A6: 5 | B6: P0 | C6: Grounding | D6: Final answers aren't checked against the agents' data | E6: The Librarian answers only from retrieved passages with citations. The Conductor's synthesizer can still state numbers that aren't in any agent output, and nothing checks. | F6: Partial | G6: Grounding checks: every number or claim in the final answer must trace to a tool or agent result, or the answer is flagged or regenerated. | H6: Finance cares most about this: 'How do you stop it inventing a balance or a return?' | I6: Build | J6: M | K6: 5
A7: 6 | B7: P0 | C7: Cost and latency | D7: No per-request cost and latency accounting or budgets | E7: Estimated cost is logged per LLM call. It isn't summed per request or user, there are no budget caps and no p50/p95 latency numbers. | F7: Partial | G7: Each request carries a budget (tokens, steps, seconds); cost and latency are reported per request and per agent, with alerts. | H7: 'What does one question cost and how long does it take? How would that scale to 10,000 advisors?' | I7: Build | J7: S | K7: 4
A8: 7 | B8: P1 | C8: Documentation | D8: No architecture document or decision records | E8: Per-agent READMEs and TESTING files are good. The top-level docs/ is empty: no system diagram, no record of why decisions were made. | F8: Missing | G8: A C4-style architecture diagram plus short decision records (why MCP, why separate services, why human approval, why Haiku). | H8: This is what you'll actually screen-share in the interview. | I8: Build | J8: S | K8: 5
A9: 8 | B9: P1 | C9: Security | D9: No adversarial (red-team) test set for prompt injection | E9: Several layers exist: Sentinel heuristics plus an LLM classifier, Librarian and Pulse quarantine injected documents and news, Analyst pins client scope. None are measured against a set of attacks. | F9: Partial | G9: A red-team suite of direct and indirect injections, data-exfiltration and jailbreak attempts, with catch rate and false-positive rate tracked as part of evals. | H9: 'Someone hides instructions in a news article or a PDF. What happens?' You can answer, but numbers are better. | I9: Build | J9: S | K9: 4
A10: 9 | B10: P1 | C10: Security | D10: No per-advisor entitlements (who may see which household) | E10: Any signed-in advisor can open any household. The dev JWT has a username but no book of clients or role. | F10: Missing | G10: Entitlement checks on every data access (advisor to household mapping), enforced server-side and passed down to agents and tools. | H10: Very important in a regulated firm: 'Can advisor A see advisor B's clients?' | I10: Build | J10: S | K10: 4
A11: 10 | B11: P1 | C11: Proactive agents | D11: Nothing acts on events by itself | E11: Pulse detects and streams events that affect a household, but no agent reacts (for example drafting a check-in email when a high-severity event hits a client, queued for approval). | F11: Missing | G11: Event-driven agents: a trigger starts a workflow, the agent prepares work, and a human approves. Usually where the most business value is. | H11: Shows real agentic behaviour (autonomy within guardrails), not just question answering. | I11: Build | J11: M | K11: 4
A12: 11 | B12: P1 | C12: Memory | D12: No conversation or long-term memory | E12: Each Ask is independent; follow-up questions lose context. Nothing is remembered about advisor preferences or past answers. | F12: Missing | G12: Short-term session memory (recent turns, summarised), plus selective long-term memory with clear retention rules. | H12: 'How does it handle a follow-up like "and what about her IRA?"' | I12: Build | J12: M | K12: 4
A13: 12 | B13: P1 | C13: RAG quality | D13: Basic retrieval only, and it isn't measured | E13: Chunking, MiniLM embeddings, Chroma, a minimum score and citations. No keyword or hybrid search, no reranker, no filtering by date or version, no retrieval metrics. | F13: Partial | G13: Hybrid search (BM25 plus vectors), a reranker, metadata filters (effective date, document type), and retrieval evals (recall@k, citation accuracy). | H13: 'How do you know the right policy passage was retrieved? What if two versions of a policy exist?' | I13: Build | J13: M | K13: 4
... A40: 39 | B40: P3 | C40: Multi-tenancy | D40: One firm only | E40: No notion of firms, branches or tenants. | F40: Missing | G40: Tenant isolation in data, keys and indexes. | H40: Not expected in a portfolio project. | I40: Skip | J40: L | K40: 1

Sheet Already in place
A1: Area | B1: What Aurelius already has
A2: Orchestration | B2: Planner (LLM with forced tool call, plus a rule fallback), executor running stages in parallel, synthesizer; plans validated and capped (max stages and steps).
A3: Real agent loop | B3: Analyst ask_portfolio: Claude chooses MCP tools until it can answer, with tool allowlist, client scope pinning and a turn limit.
A4: MCP | B4: A real MCP server (streamable HTTP, sessions) used from Python, Java and Go clients, with a service token.
A5: RAG | B5: Ingest, chunking, embeddings, Chroma, minimum score, citations, quarantine of documents containing injection text.
A6: Guardrails | B6: Sentinel checks input, output and emails (injection, PII, non-compliant claims); used before and after agents and again on approval.
A7: Human in the loop | B7: Drafts never send; approval re-checks the edited text and logs an idempotent CRM note with a fingerprint, not the body.
A8: Security basics | B8: Service token with constant-time comparison and fail-closed startup, advisor JWT, read-only skill allowlist for the apps, input size caps, login throttling, CSP, token never in URLs.
A9: Traceability | B9: X-Trace-Id across all languages and back to the UI; per-call LLM token and cost logging; prompt caching on system prompts.
A10: Resilience | B10: Timeouts, one retry for transient failures, per-section 'didn't answer' instead of a failed page, MCP snapshot fallbacks, SSE reconnect with backoff.
A11: Testing | B11: Unit and API tests in every service (Python, TypeScript, Java, Go) and both apps; app tests replay real recorded agent outputs.
A12: Product | B12: Two working front ends (React web, Flutter mobile) over one API, with live streaming market news.
